PRAGMA foreign_keys = ON;

-- 1. TXAPELKETAK
INSERT OR IGNORE INTO "Txapelketak" ("Txapelketa_ID", "Izena", "Urtea") VALUES
    (1, 'Giro D''Italia', 2023),
    (2, 'Giro D''Italia', 2024),
    (3, 'Giro D''Italia', 2025);

-- 2. KARRERAK
INSERT OR IGNORE INTO "Karrerak" ("Karrerak_ID", "Txapelketa_ID", "Izena", "Urtea") VALUES
    (1, 1, 'Giro D''Italia Emaitza', 2023),
    (2, 2, 'Giro D''Italia Emaitza', 2024),
    (3, 3, 'Giro D''Italia Emaitza', 2025);

-- 3. TXIRRINDULARIAK
INSERT OR IGNORE INTO "Txirrindulariak" ("Txirrindularia_ID", "Izena") VALUES
    (1, 'Roglič Primož'),
    (2, 'Pinot Thibaut'),
    (3, 'Thomas Geraint'),
    (4, 'Gee Derek'),
    (5, 'Milan Jonathan'),
    (6, 'Almeida João'),
    (7, 'Pedersen Mads'),
    (8, 'Groves Kaden'),
    (9, 'Caruso Damiano'),
    (10, 'Healy Ben'),
    (11, 'Rubio Einer Augusto'),
    (12, 'Ackermann Pascal'),
    (13, 'Leknessund Andreas'),
    (14, 'Denz Nico'),
    (15, 'Cavendish Mark'),
    (16, 'Dunbar Eddie'),
    (17, 'Matthews Michael'),
    (18, 'Arensman Thymen'),
    (19, 'Nielsen Magnus Cort'),
    (20, 'Zana Filippo'),
    (21, 'Skujiņš Toms'),
    (22, 'Buitrago Santiago'),
    (23, 'Paret-peintre Aurélien'),
    (24, 'Evenepoel Remco'),
    (25, 'Dainese Alberto'),
    (26, 'Kämna Lennard'),
    (27, 'Van Wilder Ilan'),
    (28, 'Albanese Vincenzo'),
    (29, 'Frigo Marco'),
    (30, 'Bais Davide'),
    (31, 'Mcnulty Brandon'),
    (32, 'De Plus Laurens'),
    (33, 'Barguil Warren'),
    (34, 'Kuss Sepp'),
    (35, 'Oldani Stefano'),
    (36, 'Dekker David'),
    (37, 'Vacek Karel'),
    (38, 'Kirsch Alex'),
    (39, 'Cepeda Jefferson Alexander'),
    (40, 'Bettiol Alberto'),
    (41, 'Fiorelli Filippo'),
    (42, 'Geoghegan Hart Tao'),
    (43, 'Petilli Simone'),
    (44, 'Berwick Sebastian'),
    (45, 'De Marchi Alessandro'),
    (46, 'Gaviria Fernando'),
    (47, 'Tonelli Alessandro'),
    (48, 'Küng Stefan'),
    (49, 'Bonifazio Niccolò'),
    (50, 'Marit Arne'),
    (51, 'Rex Laurenz'),
    (52, 'Mollema Bauke'),
    (53, 'Ballerini Davide'),
    (54, 'Paret-peintre Valentin'),
    (55, 'Conci Nicola'),
    (56, 'Krieger Alexander'),
    (57, 'Consonni Simone'),
    (58, 'Armirail Bruno'),
    (59, 'Verona Carlos'),
    (60, 'Dalla Valle Nicolas'),
    (61, 'Mayrhofer Marius'),
    (62, 'Velasco Simone'),
    (63, 'Carthy Hugh'),
    (64, 'Bais Mattia'),
    (65, 'Maestri Mirco'),
    (66, 'Stewart Jake'),
    (67, 'Bystrøm Sven Erik'),
    (68, 'Ghebreigzabhier Amanuel'),
    (69, 'Pogačar Tadej'),
    (70, 'Martínez Daniel Felipe'),
    (71, 'Tiberi Antonio'),
    (72, 'Merlier Tim'),
    (73, 'Steinhauser Georg'),
    (74, 'O''connor Ben'),
    (75, 'Bardet Romain'),
    (76, 'Rubio Einer'),
    (77, 'Pellizzari Giulio'),
    (78, 'Ganna Filippo'),
    (79, 'Sánchez Pelayo'),
    (80, 'Alaphilippe Julian'),
    (81, 'Kooij Olav'),
    (82, 'Narváez Jhonatan'),
    (83, 'Hirt Jan'),
    (84, 'Aniołkowski Stanisław'),
    (85, 'Storer Michael'),
    (86, 'Valgren Michael'),
    (87, 'Plapp Luke'),
    (88, 'Bauhaus Phil'),
    (89, 'Fortunato Lorenzo'),
    (90, 'Thomas Benjamin'),
    (91, 'Vendrame Andrea'),
    (92, 'Molano Juan Sebastián'),
    (93, 'Quintana Nairo'),
    (94, 'Scaroni Christian'),
    (95, 'Van Dijke Tim'),
    (96, 'Sheffield Magnus'),
    (97, 'Hermans Quinten'),
    (98, 'Geschke Simon'),
    (99, 'Girmay Biniam'),
    (100, 'Lonardi Giovanni'),
    (101, 'Pietrobon Andrea'),
    (102, 'Tratnik Jan'),
    (103, 'Van Poppel Danny'),
    (104, 'Piganzoli Davide'),
    (105, 'Biermans Jenthe'),
    (106, 'Piccolo Andrea'),
    (107, 'Pithie Laurence'),
    (108, 'Paleni Enzo'),
    (109, 'Bagioli Andrea'),
    (110, 'Lipowitz Florian'),
    (111, 'Schachmann Maximilian'),
    (112, 'Hofstetter Hugo'),
    (113, 'Andresen Tobias Lund'),
    (114, 'Mihkels Madis'),
    (115, 'Ewan Caleb'),
    (116, 'Mezgec Luka'),
    (117, 'Trentin Matteo'),
    (118, 'Majka Rafał'),
    (119, 'Del Toro Isaac'),
    (120, 'Carapaz Richard'),
    (121, 'Yates Simon'),
    (122, 'Bernal Egan'),
    (123, 'Prodhomme Nicolas'),
    (124, 'Tarling Joshua'),
    (125, 'Van Uden Casper'),
    (126, 'Van Aert Wout'),
    (127, 'Ciccone Giulio'),
    (128, 'Aular Orluis'),
    (129, 'Hoole Daan'),
    (130, 'Zambanini Edoardo'),
    (131, 'Asgreen Kasper'),
    (132, 'Harper Chris'),
    (133, 'Hepburn Michael'),
    (134, 'Ayuso Juan'),
    (135, 'Fretin Milan'),
    (136, 'Pidcock Thomas'),
    (137, 'Poole Max'),
    (138, 'Zijlaard Maikel'),
    (139, 'Vine Jay'),
    (140, 'Verre Alessandro'),
    (141, 'Strong Corbin'),
    (142, 'Kelderman Wilco'),
    (143, 'Stork Florian'),
    (144, 'Rochas Rémy'),
    (145, 'Affini Edoardo'),
    (146, 'Yates Adam'),
    (147, 'Kanter Max'),
    (148, 'Planckaert Edward'),
    (149, 'Turner Ben'),
    (150, 'Moschetti Matteo'),
    (151, 'Hayter Ethan'),
    (152, 'Magnier Paul'),
    (153, 'Ulissi Diego'),
    (154, 'Rivera Brandon Smith'),
    (155, 'Cattaneo Mattia'),
    (156, 'Garofoli Gianmarco'),
    (157, 'Arrieta Igor'),
    (158, 'Magli Filippo'),
    (159, 'Godon Dorian'),
    (160, 'Vacek Mathias'),
    (161, 'Lamperti Luke'),
    (162, 'Edmondson Alex'),
    (163, 'Bennett Sam'),
    (164, 'De Bondt Dries'),
    (165, 'Cepeda Jefferson Alveiro'),
    (166, 'Marcellusi Martin');

-- 4. PORRALARIAK
INSERT OR IGNORE INTO "Porralariak" ("Porralaria_ID", "Izena") VALUES
    (1, 'Baketxe 1'),
    (2, 'Globulos Verdes I'),
    (5, 'Jakes Pou Pou'),
    (6, 'Amaia'),
    (7, 'Nahikari'),
    (8, 'Goitia'),
    (9, 'Musakola Crew 2'),
    (10, 'Julene – Hodei'),
    (11, 'El Divo'),
    (12, 'Gitono'),
    (13, 'Baketxe'),
    (14, 'Malenmo 1'),
    (15, 'Zoketemelk'),
    (16, 'Jenny'),
    (17, 'Dam'),
    (18, 'Lavacoches'),
    (19, 'Sanroke'),
    (20, 'Lasa'),
    (21, 'Bitrago'),
    (22, 'Abeto'),
    (23, 'Xabi Casares Axpe'),
    (24, 'Miguel Azkoitia'),
    (25, 'Bh Burgos'),
    (26, 'Damba'),
    (27, 'Chini'),
    (28, 'Pou Pou Jakes'),
    (29, 'Pibote Doblia'),
    (30, 'La Diva'),
    (31, 'Kaparrak'),
    (32, 'Leñas Eriz'),
    (33, 'Miguel Rubillaga'),
    (34, 'Van Karria'),
    (35, 'Muna 2'),
    (36, 'El Sueño De Morfeo'),
    (38, 'Keops'),
    (39, 'Girue Xauk'),
    (40, 'Josu Mikel 2'),
    (42, 'De Vegas'),
    (43, 'Ines Esario'),
    (44, 'Helene'),
    (45, 'Txipillo – Portu'),
    (46, 'Joseba'),
    (48, 'Fekir'),
    (49, 'Nire Porrie'),
    (50, 'La Fuente De La Pioja'),
    (51, 'Nerea'),
    (52, 'Piensos Eriz'),
    (53, 'Karapaixo'),
    (54, 'Ra'),
    (55, 'Cindy Nero'),
    (56, 'Martintxo'),
    (57, 'Aitzol Gardoki'),
    (58, 'Alma Cantaro'),
    (60, 'Gaizka Casares E'),
    (61, 'Priamo'),
    (62, 'Txipillo -piki'),
    (63, 'Lucia'),
    (64, 'Alberto'),
    (65, '1312'),
    (66, 'Kobox'),
    (67, 'Piki – Miguel 2'),
    (68, 'Josu Mikel'),
    (69, 'Torraldeko Satorra'),
    (70, 'Van Karria 2'),
    (71, 'Ovbio'),
    (72, 'Piki – Miguel'),
    (73, 'Musakola Crew'),
    (74, 'Asatamente'),
    (75, 'Artetako Kukue'),
    (76, 'Kaltzontzillo Rosa'),
    (77, 'Fts'),
    (79, 'Gamarrakoak'),
    (80, 'Gbk 4'),
    (81, 'Txiotxoli'),
    (82, 'Van Der Kulen'),
    (86, 'Joseba Arri'),
    (87, 'Nere'),
    (88, 'Ni 2'),
    (89, 'Platon'),
    (92, 'Maddi IX'),
    (93, 'Pierricle Fedrigo'),
    (94, 'El Lobo Cody'),
    (95, 'Goikoa'),
    (96, 'Felipe'),
    (97, 'Xabikas'),
    (99, 'Behekoa'),
    (101, 'Aitor Ubera'),
    (102, 'Kukuts'),
    (103, 'Marakaibo 2'),
    (104, 'Nile I'),
    (108, 'Jerome Coppel'),
    (109, 'Russian Roulette'),
    (110, 'El Tocopillano'),
    (111, 'Abeto Power 1'),
    (112, 'A Lo Bajini'),
    (113, 'Baiba'),
    (114, 'Chiapucci'),
    (118, 'Bihar-17'),
    (119, 'Katua'),
    (120, 'Eriz Egurrak'),
    (121, 'Domenico Modugno'),
    (122, 'Alfredo Binda'),
    (124, 'Ander Bengoa'),
    (125, 'Dekabe'),
    (127, 'Tasio'),
    (128, 'Fruta Gar'),
    (130, 'Kanpaia Jo'),
    (131, 'Sangre De Toro'),
    (132, 'Lastadiola'),
    (133, 'Scaroneta'),
    (134, 'Baketxeko Txekorra'),
    (135, 'Giani Bugno'),
    (137, 'Ghirotto'),
    (139, 'Michele Bartoli'),
    (140, 'Richarlison'),
    (141, 'Ferrigato'),
    (142, 'Baketxeko Ixkua'),
    (143, 'Sabin Sagan'),
    (144, 'Barbacola'),
    (145, 'Damiano Cunego'),
    (148, 'Xma1'),
    (149, 'Gilberto Simoni'),
    (150, 'Leoncio IX'),
    (151, 'Kopito'),
    (152, 'Goraberak'),
    (154, 'Romina'),
    (155, 'Posta'),
    (156, 'Eka1'),
    (157, 'A Lo Bajini 1'),
    (158, 'A+n'),
    (161, 'Musakola Bizirik'),
    (162, 'Gambito De Dama'),
    (163, 'Kas Naranja'),
    (165, 'Bortolami'),
    (167, 'Detxil'),
    (170, 'Pache'),
    (171, 'A Lo Bajini 3'),
    (173, 'Kokotxas'),
    (175, 'Popo'),
    (176, 'Jvi'),
    (177, 'B. E.'),
    (179, 'Durruti'),
    (181, 'Al Bano'),
    (182, 'Avegatrapa I'),
    (183, 'A Lo Bajini 2'),
    (185, 'Astana Dream Team'),
    (187, 'Andoni Giocatolli'),
    (188, 'Pipi');

-- 5. TXAPELKETA EMAITZAK - TXIRRINDULARIAK
INSERT OR IGNORE INTO "TxapelketaEmaitzaTxirrindulariak"
    ("Txapelketa_ID", "Txirrindularia_ID", "Posizioa", "Puntuak") VALUES
    (1,1,1,177),
    (1,2,2,167),
    (1,3,3,153),
    (1,4,4,148),
    (1,5,5,123),
    (1,6,6,120),
    (1,7,7,97),
    (1,8,8,78),
    (1,9,9,73),
    (1,10,10,69),
    (1,11,11,65),
    (1,12,12,64),
    (1,13,13,63),
    (1,14,14,62),
    (1,15,15,61),
    (1,16,16,58),
    (1,17,17,55),
    (1,18,18,50),
    (1,19,19,48),
    (1,20,20,48),
    (1,21,21,47),
    (1,22,22,46),
    (1,23,23,45),
    (1,24,24,44),
    (1,25,25,44),
    (1,26,26,35),
    (1,27,27,34),
    (1,28,28,33),
    (1,29,29,33),
    (1,30,30,31),
    (1,31,31,31),
    (1,32,32,30),
    (1,33,33,30),
    (1,34,34,26),
    (1,35,35,25),
    (1,36,36,23),
    (1,37,37,23),
    (1,38,38,23),
    (1,39,39,17),
    (1,40,40,17),
    (1,41,41,17),
    (1,42,42,17),
    (1,43,43,17),
    (1,44,44,17),
    (1,45,45,17),
    (1,46,46,16),
    (1,47,47,13),
    (1,48,48,13),
    (1,49,49,13),
    (1,50,50,13),
    (1,51,51,13),
    (1,52,52,13),
    (1,53,53,9),
    (1,54,54,9),
    (1,55,55,9),
    (1,56,56,9),
    (1,57,57,9),
    (1,58,58,9),
    (1,59,59,9),
    (1,60,60,9),
    (1,61,61,9),
    (1,62,62,7),
    (1,63,63,7),
    (1,64,64,7),
    (1,65,65,7),
    (1,66,66,7),
    (1,67,67,7),
    (1,68,68,7),
    (2,69,1,382),
    (2,5,2,194),
    (2,70,3,173),
    (2,3,4,124),
    (2,71,5,121),
    (2,72,6,102),
    (2,18,7,87),
    (2,8,8,80),
    (2,73,9,80),
    (2,74,10,77),
    (2,75,11,71),
    (2,76,12,68),
    (2,77,13,60),
    (2,78,14,54),
    (2,54,15,54),
    (2,79,16,54),
    (2,80,17,54),
    (2,81,18,51),
    (2,82,19,45),
    (2,83,20,40),
    (2,84,21,39),
    (2,85,22,37),
    (2,86,23,36),
    (2,87,24,35),
    (2,88,25,34),
    (2,89,26,33),
    (2,90,27,31),
    (2,91,28,31),
    (2,46,29,27),
    (2,25,30,26),
    (2,92,31,26),
    (2,20,32,25),
    (2,93,33,23),
    (2,94,34,22),
    (2,95,35,22),
    (2,96,36,17),
    (2,97,37,17),
    (2,98,38,17),
    (2,99,39,17),
    (2,100,40,17),
    (2,101,41,17),
    (2,102,42,17),
    (2,103,43,16),
    (2,104,44,15),
    (2,105,45,13),
    (2,106,46,13),
    (2,107,47,13),
    (2,108,48,13),
    (2,109,49,13),
    (2,110,50,9),
    (2,111,51,9),
    (2,23,52,9),
    (2,112,53,9),
    (2,113,54,9),
    (2,53,55,7),
    (2,62,56,7),
    (2,114,57,7),
    (2,115,58,7),
    (2,116,59,7),
    (2,117,60,7),
    (2,118,61,5),
    (3,119,1,215),
    (3,120,2,156),
    (3,121,3,139),
    (3,7,4,132),
    (3,81,5,102),
    (3,8,6,95),
    (3,122,7,78),
    (3,94,8,78),
    (3,77,9,76),
    (3,4,10,76),
    (3,89,11,73),
    (3,123,12,69),
    (3,9,13,68),
    (3,124,14,54),
    (3,125,15,54),
    (3,126,16,54),
    (3,31,17,44),
    (3,1,18,43),
    (3,127,19,43),
    (3,128,20,43),
    (3,76,21,40),
    (3,129,22,38),
    (3,85,23,37),
    (3,75,24,36),
    (3,130,25,32),
    (3,14,26,31),
    (3,131,27,31),
    (3,59,28,31),
    (3,132,29,31),
    (3,133,30,31),
    (3,134,31,31),
    (3,135,32,30),
    (3,136,33,30),
    (3,65,34,30),
    (3,137,35,25),
    (3,138,36,24),
    (3,139,37,24),
    (3,140,38,23),
    (3,141,39,23),
    (3,142,40,23),
    (3,143,41,23),
    (3,144,42,22),
    (3,145,43,22),
    (3,71,44,21),
    (3,146,45,20),
    (3,147,46,20),
    (3,148,47,17),
    (3,149,48,17),
    (3,150,49,17),
    (3,151,50,17),
    (3,152,51,17),
    (3,153,52,17),
    (3,35,53,16),
    (3,118,54,15),
    (3,154,55,13),
    (3,155,56,13),
    (3,156,57,13),
    (3,157,58,13),
    (3,158,59,13),
    (3,104,60,10),
    (3,159,61,9),
    (3,160,62,9),
    (3,161,63,9),
    (3,162,64,9),
    (3,100,65,9),
    (3,41,66,9),
    (3,163,67,7),
    (3,164,68,7),
    (3,91,69,7),
    (3,165,70,7),
    (3,20,71,7),
    (3,166,72,7);

-- 5b. PORRALARI EZIZENAK
INSERT OR IGNORE INTO "PorralariEzizenak" ("Ezizen_ID", "Txapelketa_ID", "Ezizena") VALUES
    (1,1,'Baketxe 1'),
    (2,1,'Globulos Verdes I'),
    (3,1,'Globulos Verdes IX'),
    (4,1,'Abeto 2'),
    (5,1,'Jakes Pou Pou'),
    (6,1,'Amaia'),
    (7,1,'Nahikari'),
    (8,1,'Goitia'),
    (9,1,'Musakola Crew 2'),
    (10,1,'Julene – Hodei'),
    (11,1,'El Divo'),
    (12,1,'Gitono'),
    (13,1,'Baketxe'),
    (14,1,'Malenmo 1'),
    (15,1,'Zoketemelk'),
    (16,1,'Jenny'),
    (17,1,'Dam'),
    (18,1,'Lavacoches'),
    (19,1,'Sanroke'),
    (20,1,'Lasa'),
    (21,1,'Bitrago'),
    (22,1,'Abeto'),
    (23,1,'Xabi Casares Axpe'),
    (24,1,'Miguel Azkoitia'),
    (25,1,'Bh Burgos'),
    (26,1,'Damba'),
    (27,1,'Chini'),
    (28,1,'Pou Pou Jakes'),
    (29,1,'Pibote Doblia'),
    (30,1,'La Diva'),
    (31,1,'Kaparrak'),
    (32,1,'Leñas Eriz'),
    (33,1,'Miguel Rubillaga'),
    (34,1,'Van Karria'),
    (35,1,'Muna 2'),
    (36,1,'El Sueño De Morfeo'),
    (37,1,'Malenmo 3'),
    (38,1,'Keops'),
    (39,1,'Girue Xauk'),
    (40,1,'Josu Mikel 2'),
    (41,1,'Muna 1'),
    (42,1,'De Vegas'),
    (43,1,'Ines Esario'),
    (44,1,'Helene'),
    (45,1,'Txipillo – Portu'),
    (46,1,'Joseba'),
    (47,1,'Abeto 3'),
    (48,1,'Fekir'),
    (49,1,'Nire Porrie'),
    (50,1,'La Fuente De La Pioja'),
    (51,1,'Nerea'),
    (52,1,'Piensos Eriz'),
    (53,1,'Karapaixo'),
    (54,1,'Ra'),
    (55,1,'Cindy Nero'),
    (56,1,'Martintxo'),
    (57,1,'Aitzol Gardoki'),
    (58,1,'Alma Cantaro'),
    (59,1,'Malenmo 2'),
    (60,1,'Gaizka Casares E'),
    (61,1,'Priamo'),
    (62,1,'Txipillo -piki'),
    (63,1,'Lucia'),
    (64,1,'Alberto'),
    (65,1,'1312'),
    (66,1,'Kobox'),
    (67,1,'Piki – Miguel 2'),
    (68,1,'Josu Mikel'),
    (69,1,'Torraldeko Satorra'),
    (70,1,'Van Karria 2'),
    (71,1,'Ovbio'),
    (72,1,'Piki – Miguel'),
    (73,1,'Musakola Crew'),
    (74,1,'Asatamente'),
    (75,1,'Artetako Kukue'),
    (76,1,'Kaltzontzillo Rosa'),
    (77,1,'Fts'),
    (78,2,'Gamarrakoak 3'),
    (79,2,'Gamarrakoak'),
    (80,2,'La Diva'),
    (81,2,'Gbk 4'),
    (82,2,'Txiotxoli'),
    (83,2,'Van Der Kulen'),
    (84,2,'Gamarrakoak 4'),
    (85,2,'Gbk 1'),
    (86,2,'Glovulos Verdes IX'),
    (87,2,'Joseba Arri'),
    (88,2,'Nere'),
    (89,2,'Ni 2'),
    (90,2,'Platon'),
    (91,2,'Gamarrakoak 5'),
    (92,2,'El Divo'),
    (93,2,'Maddi IX'),
    (94,2,'Pierricle Fedrigo'),
    (95,2,'El Lobo Cody'),
    (96,2,'Goikoa'),
    (97,2,'Baketxe'),
    (98,2,'Felipe'),
    (99,2,'Xabikas'),
    (100,2,'Gbk 2'),
    (101,2,'Behekoa'),
    (102,2,'Damba'),
    (103,2,'Gamarrakoak 6'),
    (104,2,'Aitor Ubera'),
    (105,2,'Kukuts'),
    (106,2,'Marakaibo 2'),
    (107,2,'Nile I'),
    (108,2,'Marakaibo 1'),
    (109,2,'Gbk 3'),
    (110,2,'Gamarrakoak 2'),
    (111,2,'Baketxe 1'),
    (112,2,'Jerome Coppel'),
    (113,2,'Russian Roulette'),
    (114,2,'El Tocopillano'),
    (115,2,'Abeto Power 1'),
    (116,2,'A Lo Bajini'),
    (117,2,'Baiba'),
    (118,2,'Chiapucci'),
    (119,2,'Marakaibo 3'),
    (120,2,'Ni 1'),
    (121,2,'Glovulos Verdes I'),
    (122,2,'Bihar-17'),
    (123,2,'Katua'),
    (124,2,'Eriz Egurrak'),
    (125,2,'Domenico Modugno'),
    (126,2,'Alfredo Binda'),
    (127,2,'Abeto Power 3'),
    (128,2,'Ander Bengoa'),
    (129,2,'Leñas Eriz'),
    (130,2,'Dekabe'),
    (131,2,'Katua 2'),
    (132,2,'Tasio'),
    (133,2,'Fruta Gar'),
    (134,2,'Abeto Power 2'),
    (135,2,'Kanpaia Jo'),
    (136,2,'Martintxo'),
    (137,2,'Sangre De Toro'),
    (138,2,'Lastadiola'),
    (139,3,'Scaroneta'),
    (140,3,'Baketxeko Txekorra'),
    (141,3,'Giani Bugno'),
    (142,3,'Kukuts'),
    (143,3,'Ghirotto'),
    (144,3,'Avegatrapa VII'),
    (145,3,'Michele Bartoli'),
    (146,3,'Richarlison'),
    (147,3,'Nere'),
    (148,3,'Ferrigato'),
    (149,3,'Baketxeko Ixkua'),
    (150,3,'Sabin Sagan'),
    (151,3,'Barbacola'),
    (152,3,'Damiano Cunego'),
    (153,3,'La Diva'),
    (154,3,'Gamarrakoak 4'),
    (155,3,'Xma1'),
    (156,3,'Gilberto Simoni'),
    (157,3,'Leoncio IX'),
    (158,3,'Kopito'),
    (159,3,'Goraberak'),
    (160,3,'Damba'),
    (161,3,'Romina'),
    (162,3,'Posta'),
    (163,3,'Eka1'),
    (164,3,'A Lo Bajini 1'),
    (165,3,'A+n'),
    (166,3,'Abeto 2'),
    (167,3,'Gamarrakoak 1'),
    (168,3,'Musakola Bizirik'),
    (169,3,'Gambito De Dama'),
    (170,3,'Kas Naranja'),
    (171,3,'Lasa'),
    (172,3,'Bortolami'),
    (173,3,'Gamarrakoak 2'),
    (174,3,'Detxil'),
    (175,3,'El Divo'),
    (176,3,'Leoncio I'),
    (177,3,'Pache'),
    (178,3,'Fruta Gar'),
    (179,3,'A Lo Bajini 3'),
    (180,3,'Abeto 3'),
    (181,3,'Leñas Eriz'),
    (182,3,'Kokotxas'),
    (183,3,'Abeto 1'),
    (184,3,'Popo'),
    (185,3,'Jvi'),
    (186,3,'B. E.'),
    (187,3,'Gamarrakoak 3'),
    (188,3,'Durruti'),
    (189,3,'Avegatrapa IX'),
    (190,3,'Al Bano'),
    (191,3,'Avegatrapa I'),
    (192,3,'A Lo Bajini 2'),
    (193,3,'Keops'),
    (194,3,'Astana Dream Team'),
    (195,3,'Eriz Egurrak'),
    (196,3,'Andoni Giocatolli'),
    (197,3,'Pipi');

-- 5c. EZIZEN PORRALARIAK
INSERT OR IGNORE INTO "EzizenPorralariak" ("Ezizen_ID", "Porralaria_ID") VALUES
    (1,1),
    (2,2),
    (3,2),
    (4,22),
    (5,5),
    (6,6),
    (7,7),
    (8,8),
    (9,9),
    (10,10),
    (11,11),
    (12,12),
    (13,13),
    (14,14),
    (15,15),
    (16,16),
    (17,17),
    (18,18),
    (19,19),
    (20,20),
    (21,21),
    (22,22),
    (23,23),
    (24,24),
    (25,25),
    (26,26),
    (27,27),
    (28,28),
    (29,29),
    (30,30),
    (31,31),
    (32,32),
    (33,33),
    (34,34),
    (35,35),
    (36,36),
    (37,14),
    (38,38),
    (39,39),
    (40,40),
    (41,35),
    (42,42),
    (43,43),
    (44,44),
    (45,45),
    (46,46),
    (47,22),
    (48,48),
    (49,49),
    (50,50),
    (51,51),
    (52,52),
    (53,53),
    (54,54),
    (55,55),
    (56,56),
    (57,57),
    (58,58),
    (59,14),
    (60,60),
    (61,61),
    (62,62),
    (63,63),
    (64,64),
    (65,65),
    (66,66),
    (67,67),
    (68,68),
    (69,69),
    (70,70),
    (71,71),
    (72,72),
    (73,73),
    (74,74),
    (75,75),
    (76,76),
    (77,77),
    (78,79),
    (79,79),
    (80,30),
    (81,80),
    (82,81),
    (83,82),
    (84,79),
    (85,80),
    (86,2),
    (87,86),
    (88,87),
    (89,88),
    (90,89),
    (91,79),
    (92,11),
    (93,92),
    (94,93),
    (95,94),
    (96,95),
    (97,13),
    (98,96),
    (99,97),
    (100,80),
    (101,99),
    (102,26),
    (103,79),
    (104,101),
    (105,102),
    (106,103),
    (107,104),
    (108,103),
    (109,80),
    (110,79),
    (111,1),
    (112,108),
    (113,109),
    (114,110),
    (115,111),
    (116,112),
    (117,113),
    (118,114),
    (119,103),
    (120,88),
    (121,2),
    (122,118),
    (123,119),
    (124,120),
    (125,121),
    (126,122),
    (127,111),
    (128,124),
    (129,32),
    (130,125),
    (131,119),
    (132,127),
    (133,128),
    (134,111),
    (135,130),
    (136,56),
    (137,131),
    (138,132),
    (139,133),
    (140,134),
    (141,135),
    (142,102),
    (143,137),
    (144,182),
    (145,139),
    (146,140),
    (147,87),
    (148,141),
    (149,142),
    (150,143),
    (151,144),
    (152,145),
    (153,30),
    (154,79),
    (155,148),
    (156,149),
    (157,150),
    (158,151),
    (159,152),
    (160,26),
    (161,154),
    (162,155),
    (163,156),
    (164,157),
    (165,158),
    (166,22),
    (167,79),
    (168,161),
    (169,162),
    (170,163),
    (171,20),
    (172,165),
    (173,79),
    (174,167),
    (175,11),
    (176,150),
    (177,170),
    (178,128),
    (179,171),
    (180,22),
    (181,32),
    (182,173),
    (183,22),
    (184,175),
    (185,176),
    (186,177),
    (187,79),
    (188,179),
    (189,182),
    (190,181),
    (191,182),
    (192,183),
    (193,38),
    (194,185),
    (195,120),
    (196,187),
    (197,188);

-- 6. TXAPELKETA EMAITZAK - PORRALARIAK
INSERT OR IGNORE INTO "TxapelketaEmaitzaPorralariak"
    ("Txapelketa_ID", "Ezizen_ID", "Posizioa", "Puntuak") VALUES
    (1,1,1,1115),
    (1,2,2,1087),
    (1,3,3,1080),
    (1,4,4,1070),
    (1,5,5,1055),
    (1,6,6,1049),
    (1,7,7,1049),
    (1,8,8,1036),
    (1,9,9,1033),
    (1,10,10,1032),
    (1,11,11,1005),
    (1,12,12,999),
    (1,13,13,995),
    (1,14,14,995),
    (1,15,15,995),
    (1,16,16,982),
    (1,17,17,975),
    (1,18,18,973),
    (1,19,19,967),
    (1,20,20,966),
    (1,21,21,959),
    (1,22,22,949),
    (1,23,23,943),
    (1,24,24,940),
    (1,25,25,937),
    (1,26,26,934),
    (1,27,27,928),
    (1,28,28,927),
    (1,29,29,921),
    (1,30,30,911),
    (1,31,31,909),
    (1,32,32,905),
    (1,33,33,901),
    (1,34,34,897),
    (1,35,35,890),
    (1,36,36,890),
    (1,37,37,889),
    (1,38,38,882),
    (1,39,39,880),
    (1,40,40,879),
    (1,41,41,877),
    (1,42,42,875),
    (1,43,43,869),
    (1,44,44,865),
    (1,45,45,859),
    (1,46,46,855),
    (1,47,47,854),
    (1,48,48,853),
    (1,49,49,850),
    (1,50,50,848),
    (1,51,51,838),
    (1,52,52,837),
    (1,53,53,832),
    (1,54,54,821),
    (1,55,55,821),
    (1,56,56,817),
    (1,57,57,811),
    (1,58,58,808),
    (1,59,59,796),
    (1,60,60,790),
    (1,61,61,778),
    (1,62,62,749),
    (1,63,63,740),
    (1,64,64,733),
    (1,65,65,732),
    (1,66,66,726),
    (1,67,67,718),
    (1,68,68,716),
    (1,69,69,715),
    (1,70,70,709),
    (1,71,71,709),
    (1,72,72,693),
    (1,73,73,690),
    (1,74,74,684),
    (1,75,75,679),
    (1,76,76,677),
    (1,77,77,624),
    (2,78,1,1559),
    (2,79,2,1548),
    (2,80,3,1536),
    (2,81,4,1501),
    (2,82,5,1500),
    (2,83,6,1489),
    (2,84,7,1480),
    (2,85,8,1479),
    (2,86,9,1463),
    (2,87,10,1460),
    (2,88,11,1460),
    (2,89,12,1460),
    (2,90,13,1454),
    (2,91,14,1446),
    (2,92,15,1443),
    (2,93,16,1439),
    (2,94,17,1439),
    (2,95,18,1437),
    (2,96,19,1435),
    (2,97,20,1435),
    (2,98,21,1435),
    (2,99,22,1434),
    (2,100,23,1432),
    (2,101,24,1423),
    (2,102,25,1418),
    (2,103,26,1418),
    (2,104,27,1414),
    (2,105,28,1400),
    (2,106,29,1395),
    (2,107,30,1394),
    (2,108,31,1393),
    (2,109,32,1392),
    (2,110,33,1384),
    (2,111,34,1381),
    (2,112,35,1372),
    (2,113,36,1367),
    (2,114,37,1364),
    (2,115,38,1361),
    (2,116,39,1358),
    (2,117,40,1357),
    (2,118,41,1353),
    (2,119,42,1349),
    (2,120,43,1338),
    (2,121,44,1337),
    (2,122,45,1304),
    (2,123,46,1298),
    (2,124,47,1286),
    (2,125,48,1283),
    (2,126,49,1275),
    (2,127,50,1269),
    (2,128,51,1256),
    (2,129,52,1241),
    (2,130,53,1240),
    (2,131,54,1216),
    (2,132,55,1195),
    (2,133,56,1194),
    (2,134,57,1191),
    (2,135,58,1190),
    (2,136,59,1155),
    (2,137,60,1143),
    (2,138,61,1040),
    (3,139,1,1252),
    (3,140,2,1098),
    (3,141,3,1075),
    (3,142,4,1057),
    (3,143,5,1048),
    (3,144,6,1044),
    (3,145,7,1037),
    (3,146,8,1033),
    (3,147,9,1031),
    (3,148,10,1005),
    (3,149,11,984),
    (3,150,12,984),
    (3,151,13,983),
    (3,152,14,982),
    (3,153,15,979),
    (3,154,16,975),
    (3,155,17,973),
    (3,156,18,968),
    (3,157,19,967),
    (3,158,20,963),
    (3,159,21,960),
    (3,160,22,948),
    (3,161,23,948),
    (3,162,24,944),
    (3,163,25,942),
    (3,164,26,931),
    (3,165,27,922),
    (3,166,28,915),
    (3,167,29,909),
    (3,168,30,900),
    (3,169,31,897),
    (3,170,32,896),
    (3,171,33,893),
    (3,172,34,892),
    (3,173,35,885),
    (3,174,36,884),
    (3,175,37,882),
    (3,176,38,880),
    (3,177,39,878),
    (3,178,40,876),
    (3,179,41,872),
    (3,180,42,871),
    (3,181,43,868),
    (3,182,44,862),
    (3,183,45,860),
    (3,184,46,841),
    (3,185,47,838),
    (3,186,48,833),
    (3,187,49,833),
    (3,188,50,821),
    (3,189,51,821),
    (3,190,52,790),
    (3,191,53,788),
    (3,192,54,781),
    (3,193,55,731),
    (3,194,56,730),
    (3,195,57,728),
    (3,196,58,705),
    (3,197,59,699);

-- 7. SARIAK
INSERT OR IGNORE INTO "Sariak" ("Txapelketa_ID", "Posizioa", "Saria") VALUES
    (1, 1, '616.00 €'),
    (1, 2, '385.00 €'),
    (1, 3, '231.00 €'),
    (1, 4, '154.00 €'),
    (1, 5, '92.40 €'),
    (1, 6, '61.60 €'),
    (1, 7, 'Afaria'),
    (2, 1, '488.00 €'),
    (2, 2, '305.00 €'),
    (2, 3, '183.00 €'),
    (2, 4, '122.00 €'),
    (2, 5, '73.20 €'),
    (2, 6, '48.80 €'),
    (2, 7, 'Afaria'),
    (3, 1, '472.00 €'),
    (3, 2, '295.00 €'),
    (3, 3, '177.00 €'),
    (3, 4, '118.00 €'),
    (3, 5, '70.80 €'),
    (3, 6, '47.20 €'),
    (3, 7, 'Afaria');

-- 8. ZENBAT PORRA EGUNERATU
UPDATE "Porralariak" SET "Zenbat Porra" = 2 WHERE "Porralaria_ID" = 1; -- Baketxe 1
UPDATE "Porralariak" SET "Zenbat Porra" = 2 WHERE "Porralaria_ID" = 13; -- Baketxe
UPDATE "Porralariak" SET "Zenbat Porra" = 2 WHERE "Porralaria_ID" = 26; -- Damba
UPDATE "Porralariak" SET "Zenbat Porra" = 2 WHERE "Porralaria_ID" = 30; -- La Diva
UPDATE "Porralariak" SET "Zenbat Porra" = 3 WHERE "Porralaria_ID" = 32; -- Leñas Eriz
UPDATE "Porralariak" SET "Zenbat Porra" = 2 WHERE "Porralaria_ID" = 56; -- Martintxo
UPDATE "Porralariak" SET "Zenbat Porra" = 2 WHERE "Porralaria_ID" = 87; -- Nere
UPDATE "Porralariak" SET "Zenbat Porra" = 2 WHERE "Porralaria_ID" = 128; -- Fruta Gar