PRAGMA foreign_keys = ON;

-- 1. TXAPELKETAK
INSERT OR IGNORE INTO "Txapelketak" ("Txapelketa_ID", "Izena", "Urtea") VALUES
    (4, 'Tour De France', 2023),
    (5, 'Tour De France', 2024),
    (6, 'Tour De France', 2025);

-- 2. KARRERAK
INSERT OR IGNORE INTO "Karrerak" ("Karrerak_ID", "Txapelketa_ID", "Izena", "Urtea") VALUES
    (4, 4, 'Tour De France Emaitza', 2023),
    (5, 5, 'Tour De France Emaitza', 2024),
    (6, 6, 'Tour De France Emaitza', 2025);

-- 3. TXIRRINDULARIAK
INSERT OR IGNORE INTO "Txirrindulariak" ("Txirrindularia_ID", "Izena") VALUES
    (167, 'Vingegaard Jonas'),
    (168, 'Philipsen Jasper'),
    (169, 'Gall Felix'),
    (170, 'Bilbao Pello'),
    (171, 'Hindley Jai'),
    (172, 'Rodriguez Carlos'),
    (173, 'Groenewegen Dylan'),
    (174, 'Mohoric Matej'),
    (175, 'Gaudu David'),
    (176, 'Woods Michael'),
    (177, 'Burgaudeau Mathieu'),
    (178, 'Meeus Jordi'),
    (179, 'Lafay Victor'),
    (180, 'Pidcock Tom'),
    (181, 'Coquard Bryan'),
    (182, 'Johannessen Tobias Halland'),
    (183, 'Kwiatkowski Michal'),
    (184, 'Poels Wout'),
    (185, 'Izagirre Ion'),
    (186, 'Martin Guillaume'),
    (187, 'Jorgenson Matteo'),
    (188, 'Zimmermann Georg'),
    (189, 'Eenkhoorn Pascal'),
    (190, 'Van Gils Maxim'),
    (191, 'Latour Pierre'),
    (192, 'Abrahamsen Jonas'),
    (193, 'Bol Cees'),
    (194, 'Skjelmose Jensen Mattias'),
    (195, 'Benoot Tiesj'),
    (196, 'Jakobsen Fabio'),
    (197, 'Buchmann Emanuel'),
    (198, 'Guerreiro Ruben Almeida'),
    (199, 'Neilands Krists'),
    (200, 'Craddock Lawson'),
    (201, 'Mozzato Luca'),
    (202, 'Majka Rafal'),
    (203, 'Chaves Esteban'),
    (204, 'Shaw James'),
    (205, 'Landa Mikel'),
    (206, 'Berthet Clément'),
    (207, 'Eekhoff Nils'),
    (208, 'Laporte Christophe'),
    (209, 'Powless Neilson'),
    (210, 'Cavagna Remi'),
    (211, 'Pedrero Antonio'),
    (212, 'Kristoff Alexander'),
    (213, 'Castroviejo Jonathan'),
    (214, 'De Lie Arnaud'),
    (215, 'Campenaerts Victor'),
    (216, 'Vauquelin Kévin'),
    (217, 'Turgis Anthony'),
    (218, 'Mas Enric'),
    (219, 'Vercher Mattéo'),
    (220, 'Kwiatkowski Michał'),
    (221, 'Pacher Quentin'),
    (222, 'Aranburu Alex'),
    (223, 'Rodríguez Cristián'),
    (224, 'Arndt Nikias'),
    (225, 'Van Den Berg Marijn'),
    (226, 'Lazkano Oier'),
    (227, 'Onley Oscar'),
    (228, 'Tejada Harold'),
    (229, 'Lemmen Bart'),
    (230, 'Gibbons Ryan'),
    (231, 'Stuyven Jasper'),
    (232, 'Oliveira Nelson'),
    (233, 'Lutsenko Alexey'),
    (234, 'Van Der Poel Mathieu'),
    (235, 'Wellens Tim'),
    (236, 'Grégoire Romain'),
    (237, 'Jegat Jordan'),
    (238, 'Wærenskjold Søren'),
    (239, 'Simmons Quinn'),
    (240, 'Schmid Mauro'),
    (241, 'Van Den Broek Frank'),
    (242, 'Bittner Pavel'),
    (243, 'Laurance Axel'),
    (244, 'Martinez Lenny'),
    (245, 'Higuita Sergio'),
    (246, 'Penhoët Paul'),
    (247, 'Vlasov Aleksandr'),
    (248, 'Russo Clément'),
    (249, 'Barta Will'),
    (250, 'Blackmore Joseph');

-- 4. PORRALARIAK
INSERT OR IGNORE INTO "Porralariak" ("Porralaria_ID", "Izena") VALUES
    (189, 'Petit Breton'),
    (190, 'Xelebrea'),
    (191, 'Dani Pedrosa'),
    (192, 'Iban 2'),
    (193, 'Galibier'),
    (194, 'Patxizena'),
    (195, 'Jasa'),
    (196, 'Alper 1'),
    (197, 'Peru Gurekin Da'),
    (198, 'Danba 1'),
    (199, 'El Chimy'),
    (200, 'Yates Brothers'),
    (201, 'Alma De Cantaro'),
    (202, 'Remedios'),
    (203, 'Norber 2'),
    (204, 'Peruano De Lima'),
    (205, 'Munar'),
    (207, 'Mikel 2'),
    (208, 'Mikel 1'),
    (209, 'Iban 1'),
    (210, 'Gabarnie 1'),
    (211, 'Joseba Arriza'),
    (212, 'Telegraphe'),
    (213, 'Mercedes'),
    (214, 'Berni 1'),
    (216, 'Aixola'),
    (218, 'Mitikoa'),
    (219, 'Joxmi'),
    (220, 'Egam 1'),
    (221, 'Oh My Good'),
    (223, 'Claudio Chiappucci'),
    (224, 'Gudari'),
    (226, 'Ra 1'),
    (227, 'Van Landa'),
    (228, 'Waca'),
    (229, 'Txiribiton'),
    (230, 'Ez Dakit Ba'),
    (231, 'Abeto Poer 4'),
    (234, 'Mole'),
    (235, 'Gorka Beitia'),
    (236, 'Kas De Limon'),
    (237, 'Kukutx'),
    (238, 'Nelo 1'),
    (239, 'Croix De Fer'),
    (240, 'Munar 1'),
    (242, 'Willians Anaiak'),
    (243, 'Skuas'),
    (244, 'Resaka Tripala'),
    (246, 'Manduko'),
    (247, 'Nahikari Rivera'),
    (248, 'Sin Limites'),
    (249, 'Ibon Larrañaga'),
    (250, 'Iñaki M'),
    (251, 'Luis Godoy'),
    (252, 'Antuan33'),
    (253, 'Torpedo'),
    (254, 'Montesori'),
    (255, 'Rivii'),
    (256, 'Acedo'),
    (257, 'Irati Garitonandia'),
    (258, 'Asier Gorosabel'),
    (259, 'Xabi Casares'),
    (260, 'Amaia Garaitonandia'),
    (261, 'Agarre'),
    (262, 'Axelarrin'),
    (263, 'Bebetoz'),
    (264, 'Imanol'),
    (265, 'Alexey'),
    (266, 'Eriko/gorka'),
    (267, 'Jose Ignacio Burgi'),
    (268, 'Jota Bajona'),
    (269, 'Porruek'),
    (270, 'Landismo'),
    (271, 'Sete Invernau 2'),
    (272, 'Saligari'),
    (273, 'Pipe'),
    (274, 'Getxena 3'),
    (276, 'Acab'),
    (277, 'Baketxekuak'),
    (280, 'La Bardot'),
    (281, 'Norbyte'),
    (282, 'Botempi'),
    (283, 'Kriston Lana'),
    (284, 'Egurrak'),
    (285, 'Arturo Vidal'),
    (286, 'Des Les Grottes'),
    (287, 'Rambo'),
    (288, 'Aquiles Talon'),
    (289, 'Rosola'),
    (291, 'Urraitzaga'),
    (292, 'Gru Ta Gar 2'),
    (294, 'At Celaya 2'),
    (296, 'Urugu'),
    (298, 'Furlan'),
    (299, 'Paradise City'),
    (300, 'Aurten Bai!!!'),
    (305, 'Gaizkasaren'),
    (306, 'You Coul Be Mine'),
    (307, 'Felix Gallcetines'),
    (308, 'Leñas'),
    (309, 'Bernatarrak'),
    (310, 'Iñaki'),
    (312, 'Joseba Arrizabalaga'),
    (313, 'Demetrio'),
    (314, 'Faith The More'),
    (315, 'Felix Galletas'),
    (316, 'Zubi 28'),
    (318, 'Fransua Ta Dipon'),
    (320, 'Raien'),
    (322, 'Motosierras'),
    (323, 'No Control'),
    (324, 'Wellcome To The Jungle'),
    (325, 'Againts The Grain'),
    (326, 'Peeny Lane'),
    (327, 'Dupond'),
    (329, 'Gora San Fermin 1'),
    (330, 'Iker Ullibarriarana'),
    (331, 'Xiorla Team'),
    (333, 'Madrugeitor'),
    (334, 'Erik Garcia'),
    (335, 'Jean Francois Bernard'),
    (336, 'Dupondt'),
    (337, 'Txiklaminoa'),
    (338, 'Strawberry Filds'),
    (339, 'Androm'),
    (340, 'Cans & Rockers'),
    (341, 'Mikel Azkarate A.'),
    (343, 'Budimir'),
    (344, 'Macachin 2'),
    (346, 'B.e.'),
    (347, 'Atake De Enric'),
    (348, 'Jokin'),
    (349, 'Sergio Herrera'),
    (350, 'Bernard Thevenet'),
    (351, 'Gaizkasares'),
    (352, 'Girotho'),
    (354, 'Miguelberna'),
    (355, 'Marlaska'),
    (356, 'Hamalau'),
    (357, 'Tournesol'),
    (359, 'R. Aramaixo'),
    (360, 'Janette'),
    (361, 'Sor Presa'),
    (362, 'Raimon Poulidor'),
    (363, 'Bernamiguel'),
    (364, 'Segur Waves'),
    (367, 'Ibi'),
    (368, 'Gubixok'),
    (370, 'Bergara'),
    (371, 'Iban Arregi');

-- 5. TXAPELKETA EMAITZAK - TXIRRINDULARIAK
INSERT OR IGNORE INTO "TxapelketaEmaitzaTxirrindulariak"
    ("Txapelketa_ID", "Txirrindularia_ID", "Posizioa", "Puntuak") VALUES
    (4,167,1,238),
    (4,69,2,234),
    (4,168,3,196),
    (4,169,4,141),
    (4,121,5,128),
    (4,170,6,120),
    (4,146,7,118),
    (4,171,8,97),
    (4,126,9,89),
    (4,172,10,86),
    (4,127,11,73),
    (4,7,12,71),
    (4,173,13,62),
    (4,88,14,57),
    (4,131,15,54),
    (4,2,16,52),
    (4,174,17,48),
    (4,175,18,44),
    (4,176,19,40),
    (4,115,20,40),
    (4,177,21,40),
    (4,15,22,39),
    (4,178,23,38),
    (4,179,24,38),
    (4,180,25,37),
    (4,74,26,34),
    (4,181,27,33),
    (4,182,28,33),
    (4,183,29,31),
    (4,184,30,31),
    (4,185,31,31),
    (4,186,32,30),
    (4,187,33,30),
    (4,34,34,29),
    (4,99,35,24),
    (4,188,36,23),
    (4,189,37,23),
    (4,190,38,23),
    (4,191,39,23),
    (4,192,40,17),
    (4,193,41,16),
    (4,194,42,14),
    (4,195,43,13),
    (4,196,44,13),
    (4,197,45,13),
    (4,198,46,13),
    (4,199,47,13),
    (4,200,48,13),
    (4,201,49,13),
    (4,202,50,10),
    (4,203,51,9),
    (4,204,52,9),
    (4,205,53,9),
    (4,206,54,9),
    (4,207,55,9),
    (4,208,56,7),
    (4,209,57,7),
    (4,210,58,7),
    (4,103,59,7),
    (4,211,60,7),
    (4,33,61,7),
    (4,212,62,7),
    (4,213,63,5),
    (5,69,1,362),
    (5,167,2,242),
    (5,24,3,209),
    (5,168,4,152),
    (5,99,5,152),
    (5,120,6,111),
    (5,6,7,92),
    (5,12,8,78),
    (5,187,9,76),
    (5,126,10,75),
    (5,205,11,68),
    (5,172,12,65),
    (5,214,13,65),
    (5,121,14,60),
    (5,4,15,59),
    (5,146,16,57),
    (5,46,17,49),
    (5,127,18,43),
    (5,88,19,43),
    (5,1,20,43),
    (5,212,21,41),
    (5,173,22,40),
    (5,215,23,40),
    (5,216,24,38),
    (5,22,25,37),
    (5,15,26,31),
    (5,217,27,31),
    (5,218,28,26),
    (5,136,29,23),
    (5,192,30,23),
    (5,219,31,23),
    (5,186,32,22),
    (5,163,33,20),
    (5,32,34,18),
    (5,134,35,17),
    (5,220,36,17),
    (5,221,37,17),
    (5,7,38,13),
    (5,21,39,13),
    (5,222,40,13),
    (5,223,41,13),
    (5,169,42,10),
    (5,224,43,9),
    (5,10,44,9),
    (5,225,45,9),
    (5,226,46,9),
    (5,196,47,9),
    (5,227,48,9),
    (5,228,49,9),
    (5,229,50,7),
    (5,230,51,7),
    (5,231,52,7),
    (5,232,53,7),
    (5,233,54,7),
    (6,69,1,405),
    (6,167,2,272),
    (6,227,3,135),
    (6,110,4,124),
    (6,5,5,108),
    (6,10,6,106),
    (6,18,7,105),
    (6,169,8,95),
    (6,126,9,76),
    (6,234,10,71),
    (6,74,11,69),
    (6,182,12,63),
    (6,72,13,62),
    (6,216,14,61),
    (6,1,15,57),
    (6,214,16,52),
    (6,8,17,48),
    (6,121,18,45),
    (6,24,19,38),
    (6,99,20,37),
    (6,53,21,32),
    (6,235,22,31),
    (6,54,23,31),
    (6,236,24,31),
    (6,168,25,31),
    (6,192,26,31),
    (6,237,27,30),
    (6,238,28,30),
    (6,80,29,26),
    (6,85,30,26),
    (6,187,31,25),
    (6,113,32,24),
    (6,215,33,23),
    (6,178,34,23),
    (6,239,35,23),
    (6,240,36,23),
    (6,241,37,23),
    (6,242,38,22),
    (6,145,39,17),
    (6,189,40,17),
    (6,22,41,17),
    (6,88,42,17),
    (6,174,43,17),
    (6,243,44,16),
    (6,117,45,16),
    (6,82,46,15),
    (6,244,47,15),
    (6,27,48,13),
    (6,16,49,13),
    (6,58,50,13),
    (6,62,51,13),
    (6,217,52,13),
    (6,12,53,13),
    (6,245,54,10),
    (6,246,55,9),
    (6,87,56,9),
    (6,76,57,9),
    (6,6,58,7),
    (6,247,59,7),
    (6,248,60,7),
    (6,25,61,7),
    (6,249,62,7),
    (6,250,63,7),
    (6,66,64,7);

-- 5b. PORRALARI EZIZENAK
INSERT OR IGNORE INTO "PorralariEzizenak" ("Ezizen_ID", "Txapelketa_ID", "Ezizena") VALUES
    (198,4,'Petit Breton'),
    (199,4,'Xelebrea'),
    (200,4,'Kas Naranja'),
    (201,4,'Dani Pedrosa'),
    (202,4,'Iban 2'),
    (203,4,'Galibier'),
    (204,4,'Patxizena'),
    (205,4,'Jasa'),
    (206,4,'Alper 1'),
    (207,4,'Piensos Eriz'),
    (208,4,'Peru Gurekin Da'),
    (209,4,'Danba 1'),
    (210,4,'El Chimy'),
    (211,4,'Yates Brothers'),
    (212,4,'Artetako Kukue'),
    (213,4,'Abeto Power 3'),
    (214,4,'Alma De Cantaro'),
    (215,4,'Leñas Eriz'),
    (216,4,'Remedios'),
    (217,4,'De Vegas'),
    (218,4,'Norber 2'),
    (219,4,'Peruano De Lima'),
    (220,4,'Munar'),
    (221,4,'Norber 1'),
    (222,4,'Mikel 2'),
    (223,4,'Mikel 1'),
    (224,4,'Abeto Power 2'),
    (225,4,'Torraldeko Satorra'),
    (226,4,'Damba'),
    (227,4,'Iban 1'),
    (228,4,'Ra'),
    (229,4,'Gabarnie 1'),
    (230,4,'Joseba Arriza'),
    (231,4,'Telegraphe'),
    (232,4,'Mercedes'),
    (233,4,'Berni 1'),
    (234,4,'Gabarnie 3'),
    (235,4,'Aixola'),
    (236,4,'Gabarnie 2'),
    (237,4,'Mitikoa'),
    (238,4,'Joxmi'),
    (239,4,'Egam 1'),
    (240,4,'Oh My Good'),
    (241,4,'Malenmo 2'),
    (242,4,'Abeto Power 5'),
    (243,4,'Claudio Chiappucci'),
    (244,4,'Gudari'),
    (245,4,'Egam 2'),
    (246,4,'Keops'),
    (247,4,'Ra 1'),
    (248,4,'Van Landa'),
    (249,4,'El Divo'),
    (250,4,'Waca'),
    (251,4,'Txiribiton'),
    (252,4,'Kaparrak'),
    (253,4,'Ez Dakit Ba'),
    (254,4,'Abeto Poer 4'),
    (255,4,'Alper 2'),
    (256,4,'Berni 2'),
    (257,4,'Mole'),
    (258,4,'Gorka Beitia'),
    (259,4,'Kas De Limon'),
    (260,4,'Kukutx'),
    (261,4,'Nelo 1'),
    (262,4,'Croix De Fer'),
    (263,4,'Munar 1'),
    (264,4,'Globulos Berdes 2'),
    (265,4,'Willians Anaiak'),
    (266,4,'Kobox'),
    (267,4,'Malenmo 1'),
    (268,4,'La Diva'),
    (269,4,'Malenmo 3'),
    (270,4,'Skuas'),
    (271,4,'Resaka Tripala'),
    (272,4,'Globulos Berdes 1'),
    (273,4,'Manduko'),
    (274,4,'Nahikari Rivera'),
    (275,4,'Sin Limites'),
    (276,4,'Van Karria'),
    (277,4,'Goitia'),
    (278,4,'Ibon Larrañaga'),
    (279,4,'Iñaki M'),
    (280,4,'Luis Godoy'),
    (281,4,'Antuan33'),
    (282,4,'Torpedo'),
    (283,4,'Montesori'),
    (284,4,'Rivii'),
    (285,4,'Acedo'),
    (286,4,'Irati Garitonandia'),
    (287,4,'Abeto Power 1'),
    (288,4,'Asier Gorosabel'),
    (289,4,'Xabi Casares'),
    (290,4,'Amaia Garaitonandia'),
    (291,4,'Agarre'),
    (292,4,'Axelarrin'),
    (293,4,'Bebetoz'),
    (294,4,'Imanol'),
    (295,4,'Alexey'),
    (296,4,'Eriko/gorka'),
    (297,4,'Jose Ignacio Burgi'),
    (298,4,'Jota Bajona'),
    (299,4,'Lastadiola'),
    (300,5,'Porruek'),
    (301,5,'Landismo'),
    (302,5,'Sete Invernau 2'),
    (303,5,'Lasa'),
    (304,5,'Saligari'),
    (305,5,'La Diva'),
    (306,5,'Pipe'),
    (307,5,'Gamarrakoak 6'),
    (308,5,'El Tocopillano'),
    (309,5,'Getxena 3'),
    (310,5,'Baiba'),
    (311,5,'Ferrigato'),
    (312,5,'Gamarrakoak2'),
    (313,5,'Acab'),
    (314,5,'Gorka Beitia'),
    (315,5,'Van Karria'),
    (316,5,'Baketxekuak'),
    (317,5,'Ni 1'),
    (318,5,'Avegatrapa 3'),
    (319,5,'Kobox'),
    (320,5,'Gamarrakoak 1'),
    (321,5,'Globulos Verdes 2'),
    (322,5,'La Bardot'),
    (323,5,'Norbyte'),
    (324,5,'Botempi'),
    (325,5,'Kriston Lana'),
    (326,5,'Egurrak'),
    (327,5,'Arturo Vidal'),
    (328,5,'Ghirotto'),
    (329,5,'Kukutx'),
    (330,5,'Des Les Grottes'),
    (331,5,'Axelarrin'),
    (332,5,'Rambo'),
    (333,5,'Gamarrakoak 5'),
    (334,5,'Jenny'),
    (335,5,'Aquiles Talon'),
    (336,5,'Rosola'),
    (337,5,'Abeto 4'),
    (338,5,'Van Der Kulen'),
    (339,5,'Baketxe'),
    (340,5,'Urraitzaga'),
    (341,5,'Gamarrakoak 4'),
    (342,5,'Gru Ta Gar 2'),
    (343,5,'Getxena 2'),
    (344,5,'At Celaya 2'),
    (345,5,'Abeto 1'),
    (346,5,'Nere'),
    (347,5,'Gamarrakoak 3'),
    (348,5,'Globulos Verdes 1'),
    (349,5,'Urugu'),
    (350,5,'Abeto 2'),
    (351,5,'Avegatrapa 1'),
    (352,5,'Furlan'),
    (353,5,'Paradise City'),
    (354,5,'Abeto 3'),
    (355,5,'Aurten Bai!!!'),
    (356,5,'Sete Invernau 1'),
    (357,5,'Agarre 1'),
    (358,5,'Avegatrapa 2'),
    (359,5,'1312'),
    (360,5,'Damba'),
    (361,5,'Agarre 2'),
    (362,5,'Gaizkasaren'),
    (363,5,'You Coul Be Mine'),
    (364,5,'Felix Gallcetines'),
    (365,5,'El Divo'),
    (366,5,'Leñas'),
    (367,5,'Bernatarrak'),
    (368,5,'Iñaki'),
    (369,5,'At Celaya 3'),
    (370,5,'Joseba Arrizabalaga'),
    (371,5,'Demetrio'),
    (372,5,'Faith The More'),
    (373,5,'Felix Galletas'),
    (374,5,'Zubi 28'),
    (375,5,'Gru Ta Gar'),
    (376,5,'Fransua Ta Dipon'),
    (377,5,'At Celaya 1'),
    (378,5,'Raien'),
    (379,5,'Xabikas'),
    (380,5,'Getxena 1'),
    (381,5,'Ni 2'),
    (382,5,'Dekabe'),
    (383,5,'Motosierras'),
    (384,5,'Ra'),
    (385,5,'No Control'),
    (386,5,'Joxmi'),
    (387,5,'Ra 1'),
    (388,5,'Wellcome To The Jungle'),
    (389,5,'Againts The Grain'),
    (390,6,'Peeny Lane'),
    (391,6,'Gamarrakoak 1'),
    (392,6,'Dupond'),
    (393,6,'Malenmo'),
    (394,6,'Eriz Egurrak'),
    (395,6,'Gora San Fermin 1'),
    (396,6,'La Diva'),
    (397,6,'Iker Ullibarriarana'),
    (398,6,'Xiorla Team'),
    (399,6,'Landismo IX'),
    (400,6,'Leñas Eriz'),
    (401,6,'Baiba'),
    (402,6,'Madrugeitor'),
    (403,6,'Ferrigato'),
    (404,6,'Erik Garcia'),
    (405,6,'Jean Francois Bernard'),
    (406,6,'Dupondt'),
    (407,6,'Lasa'),
    (408,6,'Txiklaminoa'),
    (409,6,'Kukuts'),
    (410,6,'Strawberry Filds'),
    (411,6,'Androm'),
    (412,6,'Cans & Rockers'),
    (413,6,'Mikel Azkarate A.'),
    (414,6,'Avegatrapaz'),
    (415,6,'Budimir'),
    (416,6,'Macachin 2'),
    (417,6,'Macachin 1'),
    (418,6,'Abeto 3'),
    (419,6,'B.e.'),
    (420,6,'Atake De Enric'),
    (421,6,'Porruek'),
    (422,6,'Landismo'),
    (423,6,'Jokin'),
    (424,6,'Kas Naranja'),
    (425,6,'Gamarrakoak 2'),
    (426,6,'Sergio Herrera'),
    (427,6,'Globulos Verdes 1'),
    (428,6,'Bernard Thevenet'),
    (429,6,'Posta'),
    (430,6,'Gaizkasares'),
    (431,6,'Girotho'),
    (432,6,'Xiorla Team 1'),
    (433,6,'Baketxekuak'),
    (434,6,'Miguelberna'),
    (435,6,'Abeto 2'),
    (436,6,'Baketxe 1'),
    (437,6,'Marlaska'),
    (438,6,'Abeto 1'),
    (439,6,'Damba'),
    (440,6,'Nere'),
    (441,6,'Hamalau'),
    (442,6,'Tournesol'),
    (443,6,'Gora San Fermin 2'),
    (444,6,'Baketxe'),
    (445,6,'R. Aramaixo'),
    (446,6,'Janette'),
    (447,6,'Sor Presa'),
    (448,6,'Raimon Poulidor'),
    (449,6,'Bernamiguel'),
    (450,6,'Aixola'),
    (451,6,'El Divo'),
    (452,6,'Segur Waves'),
    (453,6,'Globulos Verdes 3'),
    (454,6,'Xiorla Team 2'),
    (455,6,'Patxizena'),
    (456,6,'Globulos Verdes 2'),
    (457,6,'Ibi'),
    (458,6,'Gubixok'),
    (459,6,'Avegatra1'),
    (460,6,'Bergara'),
    (461,6,'Rambo'),
    (462,6,'Iban Arregi');

-- 5c. EZIZEN PORRALARIAK
INSERT OR IGNORE INTO "EzizenPorralariak" ("Ezizen_ID", "Porralaria_ID") VALUES
    (198,189),
    (199,190),
    (200,163),
    (201,191),
    (202,192),
    (203,193),
    (204,194),
    (205,195),
    (206,196),
    (207,52),
    (208,197),
    (209,198),
    (210,199),
    (211,200),
    (212,75),
    (213,111),
    (214,201),
    (215,32),
    (216,202),
    (217,42),
    (218,203),
    (219,204),
    (220,205),
    (221,203),
    (222,207),
    (223,208),
    (224,111),
    (225,69),
    (226,26),
    (227,209),
    (228,54),
    (229,210),
    (230,211),
    (231,212),
    (232,213),
    (233,214),
    (234,210),
    (235,216),
    (236,210),
    (237,218),
    (238,219),
    (239,220),
    (240,221),
    (241,14),
    (242,111),
    (243,223),
    (244,224),
    (245,220),
    (246,38),
    (247,226),
    (248,227),
    (249,11),
    (250,228),
    (251,229),
    (252,31),
    (253,230),
    (254,231),
    (255,196),
    (256,214),
    (257,234),
    (258,235),
    (259,236),
    (260,237),
    (261,238),
    (262,239),
    (263,240),
    (264,2),
    (265,242),
    (266,66),
    (267,14),
    (268,30),
    (269,14),
    (270,243),
    (271,244),
    (272,2),
    (273,246),
    (274,247),
    (275,248),
    (276,34),
    (277,8),
    (278,249),
    (279,250),
    (280,251),
    (281,252),
    (282,253),
    (283,254),
    (284,255),
    (285,256),
    (286,257),
    (287,111),
    (288,258),
    (289,259),
    (290,260),
    (291,261),
    (292,262),
    (293,263),
    (294,264),
    (295,265),
    (296,266),
    (297,267),
    (298,268),
    (299,132),
    (300,269),
    (301,270),
    (302,271),
    (303,20),
    (304,272),
    (305,30),
    (306,273),
    (307,79),
    (308,110),
    (309,274),
    (310,113),
    (311,141),
    (312,79),
    (313,276),
    (314,235),
    (315,34),
    (316,277),
    (317,88),
    (318,182),
    (319,66),
    (320,79),
    (321,2),
    (322,280),
    (323,281),
    (324,282),
    (325,283),
    (326,284),
    (327,285),
    (328,137),
    (329,237),
    (330,286),
    (331,262),
    (332,287),
    (333,79),
    (334,16),
    (335,288),
    (336,289),
    (337,22),
    (338,82),
    (339,13),
    (340,291),
    (341,79),
    (342,292),
    (343,274),
    (344,294),
    (345,22),
    (346,87),
    (347,79),
    (348,2),
    (349,296),
    (350,22),
    (351,182),
    (352,298),
    (353,299),
    (354,22),
    (355,300),
    (356,271),
    (357,261),
    (358,182),
    (359,65),
    (360,26),
    (361,261),
    (362,305),
    (363,306),
    (364,307),
    (365,11),
    (366,308),
    (367,309),
    (368,310),
    (369,294),
    (370,312),
    (371,313),
    (372,314),
    (373,315),
    (374,316),
    (375,292),
    (376,318),
    (377,294),
    (378,320),
    (379,97),
    (380,274),
    (381,88),
    (382,125),
    (383,322),
    (384,54),
    (385,323),
    (386,219),
    (387,226),
    (388,324),
    (389,325),
    (390,326),
    (391,79),
    (392,327),
    (393,14),
    (394,120),
    (395,329),
    (396,30),
    (397,330),
    (398,331),
    (399,270),
    (400,32),
    (401,113),
    (402,333),
    (403,141),
    (404,334),
    (405,335),
    (406,336),
    (407,20),
    (408,337),
    (409,102),
    (410,338),
    (411,339),
    (412,340),
    (413,341),
    (414,182),
    (415,343),
    (416,344),
    (417,344),
    (418,22),
    (419,346),
    (420,347),
    (421,269),
    (422,270),
    (423,348),
    (424,163),
    (425,79),
    (426,349),
    (427,2),
    (428,350),
    (429,155),
    (430,351),
    (431,352),
    (432,331),
    (433,277),
    (434,354),
    (435,22),
    (436,1),
    (437,355),
    (438,22),
    (439,26),
    (440,87),
    (441,356),
    (442,357),
    (443,329),
    (444,13),
    (445,359),
    (446,360),
    (447,361),
    (448,362),
    (449,363),
    (450,216),
    (451,11),
    (452,364),
    (453,2),
    (454,331),
    (455,194),
    (456,2),
    (457,367),
    (458,368),
    (459,182),
    (460,370),
    (461,287),
    (462,371);

-- 6. TXAPELKETA EMAITZAK - PORRALARIAK
INSERT OR IGNORE INTO "TxapelketaEmaitzaPorralariak"
    ("Txapelketa_ID", "Ezizen_ID", "Posizioa", "Puntuak") VALUES
    (4,198,1,1389),
    (4,199,2,1377),
    (4,200,3,1370),
    (4,201,4,1363),
    (4,202,5,1359),
    (4,203,6,1348),
    (4,204,7,1345),
    (4,205,8,1340),
    (4,206,9,1337),
    (4,207,10,1313),
    (4,208,11,1310),
    (4,209,12,1310),
    (4,210,13,1295),
    (4,211,14,1271),
    (4,212,15,1269),
    (4,213,16,1267),
    (4,214,17,1262),
    (4,215,18,1251),
    (4,216,19,1251),
    (4,217,20,1246),
    (4,218,21,1236),
    (4,219,22,1235),
    (4,220,23,1233),
    (4,221,24,1233),
    (4,222,25,1231),
    (4,223,26,1220),
    (4,224,27,1215),
    (4,225,28,1211),
    (4,226,29,1211),
    (4,227,30,1211),
    (4,228,31,1207),
    (4,229,32,1206),
    (4,230,33,1206),
    (4,231,34,1205),
    (4,232,35,1204),
    (4,233,36,1204),
    (4,234,37,1197),
    (4,235,38,1197),
    (4,236,39,1193),
    (4,237,40,1190),
    (4,238,41,1186),
    (4,239,42,1186),
    (4,240,43,1179),
    (4,241,44,1177),
    (4,242,45,1177),
    (4,243,46,1174),
    (4,244,47,1171),
    (4,245,48,1170),
    (4,246,49,1168),
    (4,247,50,1166),
    (4,248,51,1163),
    (4,249,52,1160),
    (4,250,53,1156),
    (4,251,54,1156),
    (4,252,55,1155),
    (4,253,56,1150),
    (4,254,57,1142),
    (4,255,58,1132),
    (4,256,59,1130),
    (4,257,60,1128),
    (4,258,61,1128),
    (4,259,62,1123),
    (4,260,63,1109),
    (4,261,64,1105),
    (4,262,65,1098),
    (4,263,66,1095),
    (4,264,67,1093),
    (4,265,68,1092),
    (4,266,69,1092),
    (4,267,70,1091),
    (4,268,71,1084),
    (4,269,72,1082),
    (4,270,73,1081),
    (4,271,74,1081),
    (4,272,75,1079),
    (4,273,76,1068),
    (4,274,77,1066),
    (4,275,78,1056),
    (4,276,79,1054),
    (4,277,80,1049),
    (4,278,81,1043),
    (4,279,82,1029),
    (4,280,83,1023),
    (4,281,84,1019),
    (4,282,85,1018),
    (4,283,86,1013),
    (4,284,87,1010),
    (4,285,88,1010),
    (4,286,89,1009),
    (4,287,90,1004),
    (4,288,91,1003),
    (4,289,92,992),
    (4,290,93,979),
    (4,291,94,969),
    (4,292,95,968),
    (4,293,96,960),
    (4,294,97,943),
    (4,295,98,940),
    (4,296,99,929),
    (4,297,100,902),
    (4,298,101,897),
    (4,299,102,890),
    (5,300,1,1686),
    (5,301,2,1630),
    (5,302,3,1626),
    (5,303,4,1624),
    (5,304,5,1614),
    (5,305,6,1581),
    (5,306,7,1576),
    (5,307,8,1576),
    (5,308,9,1573),
    (5,309,10,1572),
    (5,310,11,1570),
    (5,311,12,1565),
    (5,312,13,1556),
    (5,313,14,1554),
    (5,314,15,1550),
    (5,315,16,1537),
    (5,316,17,1536),
    (5,317,18,1534),
    (5,318,19,1528),
    (5,319,20,1528),
    (5,320,21,1523),
    (5,321,22,1514),
    (5,322,23,1514),
    (5,323,24,1513),
    (5,324,25,1511),
    (5,325,26,1508),
    (5,326,27,1507),
    (5,327,28,1506),
    (5,328,29,1500),
    (5,329,30,1499),
    (5,330,31,1498),
    (5,331,32,1496),
    (5,332,33,1494),
    (5,333,34,1491),
    (5,334,35,1487),
    (5,335,36,1481),
    (5,336,37,1472),
    (5,337,38,1469),
    (5,338,39,1469),
    (5,339,40,1469),
    (5,340,41,1468),
    (5,341,42,1465),
    (5,342,43,1464),
    (5,343,44,1464),
    (5,344,45,1460),
    (5,345,46,1459),
    (5,346,47,1459),
    (5,347,48,1459),
    (5,348,49,1458),
    (5,349,50,1454),
    (5,350,51,1454),
    (5,351,52,1453),
    (5,352,53,1452),
    (5,353,54,1445),
    (5,354,55,1445),
    (5,355,56,1441),
    (5,356,57,1438),
    (5,357,58,1435),
    (5,358,59,1431),
    (5,359,60,1426),
    (5,360,61,1419),
    (5,361,62,1419),
    (5,362,63,1416),
    (5,363,64,1416),
    (5,364,65,1413),
    (5,365,66,1407),
    (5,366,67,1406),
    (5,367,68,1403),
    (5,368,69,1403),
    (5,369,70,1401),
    (5,370,71,1400),
    (5,371,72,1386),
    (5,372,73,1379),
    (5,373,74,1378),
    (5,374,75,1371),
    (5,375,76,1369),
    (5,376,77,1366),
    (5,377,78,1364),
    (5,378,79,1355),
    (5,379,80,1351),
    (5,380,81,1350),
    (5,381,82,1333),
    (5,382,83,1318),
    (5,383,84,1306),
    (5,384,85,1296),
    (5,385,86,1290),
    (5,386,87,1279),
    (5,387,88,1249),
    (5,388,89,1223),
    (5,389,90,1103),
    (6,390,1,1558),
    (6,391,2,1525),
    (6,392,3,1469),
    (6,393,4,1461),
    (6,394,5,1460),
    (6,395,6,1447),
    (6,396,7,1431),
    (6,397,8,1426),
    (6,398,9,1417),
    (6,399,10,1415),
    (6,400,11,1408),
    (6,401,12,1406),
    (6,402,13,1397),
    (6,403,14,1388),
    (6,404,15,1387),
    (6,405,16,1383),
    (6,406,17,1382),
    (6,407,18,1374),
    (6,408,19,1364),
    (6,409,20,1364),
    (6,410,21,1363),
    (6,411,22,1360),
    (6,412,23,1353),
    (6,413,24,1347),
    (6,414,25,1346),
    (6,415,26,1346),
    (6,416,27,1339),
    (6,417,28,1337),
    (6,418,29,1337),
    (6,419,30,1334),
    (6,420,31,1334),
    (6,421,32,1330),
    (6,422,33,1327),
    (6,423,34,1327),
    (6,424,35,1324),
    (6,425,36,1322),
    (6,426,37,1314),
    (6,427,38,1313),
    (6,428,39,1313),
    (6,429,40,1313),
    (6,430,41,1308),
    (6,431,42,1307),
    (6,432,43,1305),
    (6,433,44,1300),
    (6,434,45,1300),
    (6,435,46,1290),
    (6,436,47,1287),
    (6,437,48,1283),
    (6,438,49,1281),
    (6,439,50,1279),
    (6,440,51,1276),
    (6,441,52,1275),
    (6,442,53,1273),
    (6,443,54,1272),
    (6,444,55,1268),
    (6,445,56,1261),
    (6,446,57,1253),
    (6,447,58,1248),
    (6,448,59,1245),
    (6,449,60,1243),
    (6,450,61,1231),
    (6,451,62,1229),
    (6,452,63,1226),
    (6,453,64,1224),
    (6,454,65,1218),
    (6,455,66,1207),
    (6,456,67,1203),
    (6,457,68,1202),
    (6,458,69,1200),
    (6,459,70,1166),
    (6,460,71,1159),
    (6,461,72,1135),
    (6,462,73,1075);

-- 7. SARIAK
INSERT OR IGNORE INTO "Sariak" ("Txapelketa_ID", "Posizioa", "Saria") VALUES
    (4, 1, '816.00 €'),
    (4, 2, '510.00 €'),
    (4, 3, '306.00 €'),
    (4, 4, '204.00 €'),
    (4, 5, '122.40 €'),
    (4, 6, '81.60 €'),
    (4, 7, 'Afaria'),
    (5, 1, '720.00 €'),
    (5, 2, '414.00 €'),
    (5, 3, '234.00 €'),
    (5, 4, '162.00 €'),
    (5, 5, '108.00 €'),
    (5, 6, '72.00 €'),
    (6, 1, '584.00 €'),
    (6, 2, '365.00 €'),
    (6, 3, '219.00 €'),
    (6, 4, '146.00 €'),
    (6, 5, '87.60 €'),
    (6, 6, '58.40 €'),
    (6, 7, 'Afaria');

-- 8. ZENBAT PORRA EGUNERATU
UPDATE "Porralariak" SET "Zenbat Porra" = 3 WHERE "Porralaria_ID" = 1; -- Baketxe 1
-- BATERATUA: UPDATE "Porralariak" SET "Zenbat Porra" = 3 WHERE "Porralaria_ID" = 4; -- Abeto 2 -> nagusia 22
UPDATE "Porralariak" SET "Zenbat Porra" = 2 WHERE "Porralaria_ID" = 8; -- Goitia
UPDATE "Porralariak" SET "Zenbat Porra" = 4 WHERE "Porralaria_ID" = 11; -- El Divo
UPDATE "Porralariak" SET "Zenbat Porra" = 4 WHERE "Porralaria_ID" = 13; -- Baketxe
UPDATE "Porralariak" SET "Zenbat Porra" = 2 WHERE "Porralaria_ID" = 14; -- Malenmo 1
UPDATE "Porralariak" SET "Zenbat Porra" = 2 WHERE "Porralaria_ID" = 16; -- Jenny
UPDATE "Porralariak" SET "Zenbat Porra" = 3 WHERE "Porralaria_ID" = 20; -- Lasa
UPDATE "Porralariak" SET "Zenbat Porra" = 5 WHERE "Porralaria_ID" = 26; -- Damba
UPDATE "Porralariak" SET "Zenbat Porra" = 5 WHERE "Porralaria_ID" = 30; -- La Diva
UPDATE "Porralariak" SET "Zenbat Porra" = 2 WHERE "Porralaria_ID" = 31; -- Kaparrak
UPDATE "Porralariak" SET "Zenbat Porra" = 5 WHERE "Porralaria_ID" = 32; -- Leñas Eriz
UPDATE "Porralariak" SET "Zenbat Porra" = 3 WHERE "Porralaria_ID" = 34; -- Van Karria
-- BATERATUA: UPDATE "Porralariak" SET "Zenbat Porra" = 2 WHERE "Porralaria_ID" = 37; -- Malenmo 3 -> nagusia 14
UPDATE "Porralariak" SET "Zenbat Porra" = 2 WHERE "Porralaria_ID" = 38; -- Keops
UPDATE "Porralariak" SET "Zenbat Porra" = 2 WHERE "Porralaria_ID" = 42; -- De Vegas
-- BATERATUA: UPDATE "Porralariak" SET "Zenbat Porra" = 3 WHERE "Porralaria_ID" = 47; -- Abeto 3 -> nagusia 22
UPDATE "Porralariak" SET "Zenbat Porra" = 2 WHERE "Porralaria_ID" = 52; -- Piensos Eriz
UPDATE "Porralariak" SET "Zenbat Porra" = 3 WHERE "Porralaria_ID" = 54; -- Ra
UPDATE "Porralariak" SET "Zenbat Porra" = 2 WHERE "Porralaria_ID" = 56; -- Martintxo
-- BATERATUA: UPDATE "Porralariak" SET "Zenbat Porra" = 2 WHERE "Porralaria_ID" = 59; -- Malenmo 2 -> nagusia 14
UPDATE "Porralariak" SET "Zenbat Porra" = 2 WHERE "Porralaria_ID" = 65; -- 1312
UPDATE "Porralariak" SET "Zenbat Porra" = 3 WHERE "Porralaria_ID" = 66; -- Kobox
UPDATE "Porralariak" SET "Zenbat Porra" = 2 WHERE "Porralaria_ID" = 69; -- Torraldeko Satorra
UPDATE "Porralariak" SET "Zenbat Porra" = 2 WHERE "Porralaria_ID" = 75; -- Artetako Kukue
-- BATERATUA: UPDATE "Porralariak" SET "Zenbat Porra" = 2 WHERE "Porralaria_ID" = 78; -- Gamarrakoak 3 -> nagusia 79
UPDATE "Porralariak" SET "Zenbat Porra" = 2 WHERE "Porralaria_ID" = 82; -- Van Der Kulen
-- BATERATUA: UPDATE "Porralariak" SET "Zenbat Porra" = 2 WHERE "Porralaria_ID" = 83; -- Gamarrakoak 4 -> nagusia 79
UPDATE "Porralariak" SET "Zenbat Porra" = 4 WHERE "Porralaria_ID" = 87; -- Nere
UPDATE "Porralariak" SET "Zenbat Porra" = 2 WHERE "Porralaria_ID" = 88; -- Ni 2
-- BATERATUA: UPDATE "Porralariak" SET "Zenbat Porra" = 2 WHERE "Porralaria_ID" = 90; -- Gamarrakoak 5 -> nagusia 79
UPDATE "Porralariak" SET "Zenbat Porra" = 2 WHERE "Porralaria_ID" = 97; -- Xabikas
-- BATERATUA: UPDATE "Porralariak" SET "Zenbat Porra" = 2 WHERE "Porralaria_ID" = 100; -- Gamarrakoak 6 -> nagusia 79
UPDATE "Porralariak" SET "Zenbat Porra" = 2 WHERE "Porralaria_ID" = 102; -- Kukuts
-- BATERATUA: UPDATE "Porralariak" SET "Zenbat Porra" = 2 WHERE "Porralaria_ID" = 107; -- Gamarrakoak 2 -> nagusia 79
UPDATE "Porralariak" SET "Zenbat Porra" = 2 WHERE "Porralaria_ID" = 110; -- El Tocopillano
UPDATE "Porralariak" SET "Zenbat Porra" = 2 WHERE "Porralaria_ID" = 111; -- Abeto Power 1
UPDATE "Porralariak" SET "Zenbat Porra" = 3 WHERE "Porralaria_ID" = 113; -- Baiba
-- BATERATUA: UPDATE "Porralariak" SET "Zenbat Porra" = 2 WHERE "Porralaria_ID" = 116; -- Ni 1 -> nagusia 88
UPDATE "Porralariak" SET "Zenbat Porra" = 2 WHERE "Porralaria_ID" = 120; -- Eriz Egurrak
-- BATERATUA: UPDATE "Porralariak" SET "Zenbat Porra" = 2 WHERE "Porralaria_ID" = 123; -- Abeto Power 3 -> nagusia 111
UPDATE "Porralariak" SET "Zenbat Porra" = 2 WHERE "Porralaria_ID" = 125; -- Dekabe
UPDATE "Porralariak" SET "Zenbat Porra" = 2 WHERE "Porralaria_ID" = 128; -- Fruta Gar
-- BATERATUA: UPDATE "Porralariak" SET "Zenbat Porra" = 2 WHERE "Porralaria_ID" = 129; -- Abeto Power 2 -> nagusia 111
UPDATE "Porralariak" SET "Zenbat Porra" = 2 WHERE "Porralaria_ID" = 132; -- Lastadiola
UPDATE "Porralariak" SET "Zenbat Porra" = 2 WHERE "Porralaria_ID" = 137; -- Ghirotto
UPDATE "Porralariak" SET "Zenbat Porra" = 3 WHERE "Porralaria_ID" = 141; -- Ferrigato
UPDATE "Porralariak" SET "Zenbat Porra" = 2 WHERE "Porralaria_ID" = 155; -- Posta
-- BATERATUA: UPDATE "Porralariak" SET "Zenbat Porra" = 3 WHERE "Porralaria_ID" = 160; -- Gamarrakoak 1 -> nagusia 79
UPDATE "Porralariak" SET "Zenbat Porra" = 3 WHERE "Porralaria_ID" = 163; -- Kas Naranja
-- BATERATUA: UPDATE "Porralariak" SET "Zenbat Porra" = 3 WHERE "Porralaria_ID" = 174; -- Abeto 1 -> nagusia 22
UPDATE "Porralariak" SET "Zenbat Porra" = 2 WHERE "Porralaria_ID" = 194; -- Patxizena
UPDATE "Porralariak" SET "Zenbat Porra" = 2 WHERE "Porralaria_ID" = 216; -- Aixola
UPDATE "Porralariak" SET "Zenbat Porra" = 2 WHERE "Porralaria_ID" = 219; -- Joxmi
UPDATE "Porralariak" SET "Zenbat Porra" = 2 WHERE "Porralaria_ID" = 226; -- Ra 1
UPDATE "Porralariak" SET "Zenbat Porra" = 2 WHERE "Porralaria_ID" = 235; -- Gorka Beitia
UPDATE "Porralariak" SET "Zenbat Porra" = 2 WHERE "Porralaria_ID" = 237; -- Kukutx
UPDATE "Porralariak" SET "Zenbat Porra" = 2 WHERE "Porralaria_ID" = 262; -- Axelarrin
UPDATE "Porralariak" SET "Zenbat Porra" = 2 WHERE "Porralaria_ID" = 269; -- Porruek
UPDATE "Porralariak" SET "Zenbat Porra" = 2 WHERE "Porralaria_ID" = 270; -- Landismo
UPDATE "Porralariak" SET "Zenbat Porra" = 2 WHERE "Porralaria_ID" = 277; -- Baketxekuak
-- BATERATUA: UPDATE "Porralariak" SET "Zenbat Porra" = 2 WHERE "Porralaria_ID" = 279; -- Globulos Verdes 2 -> nagusia 2
UPDATE "Porralariak" SET "Zenbat Porra" = 2 WHERE "Porralaria_ID" = 287; -- Rambo
-- BATERATUA: UPDATE "Porralariak" SET "Zenbat Porra" = 2 WHERE "Porralaria_ID" = 295; -- Globulos Verdes 1 -> nagusia 2